{"is_source_file": true, "format": "Python", "description": "This file sets up a basic FastAPI application with CORS middleware and a health check endpoint.", "external_files": ["fastapi", "fastapi.middleware.cors"], "external_methods": ["FastAPI", "CORSMiddleware"], "published": ["app"], "classes": [], "methods": [{"name": "health_check()", "description": "A GET endpoint for health status that returns a 'Healthy' message.", "scope": "", "scopeKind": ""}], "calls": ["fastapi.FastAPI", "fastapi.middleware.cors.CORSMiddleware", "app.add_middleware", "app.get"], "search-terms": ["FastAPI", "CORS middleware", "health check endpoint", "main.py", "api"], "state": 2, "file_id": 3, "knowledge_revision": 9, "git_revision": "54df17193d4e91d212681f8dd548c8f4cbc4e2bd", "ctags": [{"_type": "tag", "name": "app", "path": "/home/kavia/workspace/code-generation/simple-notes-app-312508-312523/notes_backend/src/api/main.py", "pattern": "/^app = FastAPI()$/", "language": "Python", "kind": "variable"}, {"_type": "tag", "name": "health_check", "path": "/home/kavia/workspace/code-generation/simple-notes-app-312508-312523/notes_backend/src/api/main.py", "pattern": "/^def health_check():$/", "language": "Python", "kind": "function", "signature": "()"}], "hash": "58352bf5f133908bab16643199aa483d", "format-version": 4, "code-base-name": "notes_backend", "filename": "notes_backend/src/api/main.py", "fields": [{"name": "app = FastAPI()", "scope": "", "scopeKind": "", "description": "unavailable"}], "revision_history": [{"9": "54df17193d4e91d212681f8dd548c8f4cbc4e2bd"}]}