{"is_source_file": false, "format": "", "description": "", "external_files": [], "external_methods": [], "published": [], "classes": [], "methods": [], "calls": [], "search-terms": ["simple-notes-app", "README.md", "project overview"], "state": 2, "file_id": 4, "knowledge_revision": 6, "git_revision": "e88f656b521a8d54e4d73d2a1b076ce7cef9749c", "hash": "385c77bf36af2efbe20bd924c2db75ed", "format-version": 4, "code-base-name": "notes_backend", "filename": "README.md", "revision_history": [{"6": "e88f656b521a8d54e4d73d2a1b076ce7cef9749c"}]}